aws-cloudformation__cfn-lint-3764,True,32,33,96444,603,
conan-io__conan-17129,True,61,62,158167,769,
deepset-ai__haystack-8525,True,23,24,67161,397,
deepset-ai__haystack-8609,True,60,61,236589,1302,
conan-io__conan-17092,True,68,71,630521,3503,
aws-cloudformation__cfn-lint-3862,True,86,89,349346,3024,
streamlink__streamlink-6439,True,49,50,197279,2834,
deepset-ai__haystack-8799,True,171,172,1550989,5053,
pdm-project__pdm-3314,True,69,70,423692,2250,
deepset-ai__haystack-8619,False,368,368,2774046,7200,wall_timeout
